codigo,nombre,carrera,semestre,materia,nota
CS20230001,Iván Sánchez Martínez,Comunicación Social,5,Producción Audiovisual,4.22
OD20220002,Mauricio Núñez Rodríguez,Odontología,7,Anatomía Dental,3.84
EN20220003,Camila Díaz Reyes,Enfermería,10,Urgencias,4.21
MD20240004,Fernando Vega Reyes,Medicina,10,Anatomía,4.32
PS20240005,Liliana Flores Guzmán,Psicología,6,Neuropsicología,4.2
IC20240006,Mateo Rodríguez Jiménez,Ingeniería Civil,6,Concreto,4.41
MD20220007,Diego López Ariza,Medicina,9,Clínica,3.92
OD20220008,Iván Acosta Romero,Odontología,4,Anatomía Dental,3.74
CP20230009,Rodrigo Reyes Polo,Contaduría Pública,2,Contabilidad General,3.2
DR20240010,Stephanie Flores Romero,Derecho,4,Derecho Civil,4.03
EN20230011,Rafael Pineda Flores,Enfermería,4,Salud Pública,2.51
AE20220012,Iván Guzmán Aguilar,Administración de Empresas,6,Finanzas,5.0
CP20230013,Santiago Mendoza Medina,Contaduría Pública,2,Finanzas,3.98
LE20230014,Adriana Peña Medina,Licenciatura en Educación Infantil,8,Didáctica,3.84
EN20240015,Nicolás Morales Figueroa,Enfermería,9,Urgencias,3.26
EN20220016,Stephanie Reyes Ramírez,Enfermería,8,Cuidado Básico,4.2
II20220017,Sofía Torres Pineda,Ingeniería Industrial,7,Ergonomía,2.39
TS20220018,Claudia Cruz Aguilar,Trabajo Social,1,Investigación Social,5.0
AR20220019,Liliana Ortega Polo,Arquitectura,6,Estructuras,3.15
EN20220020,Sandra Ariza Cruz,Enfermería,3,Pediatría,3.92
AE20240021,Iván Herrera Palacios,Administración de Empresas,3,Finanzas,2.85
DR20220022,Claudia García Palacios,Derecho,8,Derecho Civil,3.55
IS20220023,Stephanie Ramos Morales,Ingeniería de Sistemas,4,Programación I,3.41
II20250024,Liliana Núñez Polo,Ingeniería Industrial,3,Logística,2.57
TS20250025,Andrés Cruz Campos,Trabajo Social,10,Política Social,4.99
CP20240026,Alejandra Gómez Pinto,Contaduría Pública,7,Costos,3.44
AE20220027,Claudia Ruiz Sánchez,Administración de Empresas,4,Marketing,4.51
IC20230028,Patricia Reyes García,Ingeniería Civil,1,Estática,3.39
EN20240029,Santiago Suárez González,Enfermería,4,Salud Pública,3.79
AE20250030,Eduardo Salinas Ríos,Administración de Empresas,8,Finanzas,4.27
PS20250031,Mateo Pérez Barrera,Psicología,6,Educativa,3.13
IC20250032,Monica Roa Roa,Ingeniería Civil,1,Hidráulica,3.48
AE20250033,Mateo Morales Gómez,Administración de Empresas,9,Finanzas,3.63
NI20220034,Andrea González Ruiz,Negocios Internacionales,9,Comercio Exterior,4.23
IC20230035,Adriana Núñez García,Ingeniería Civil,4,Topografía,3.04
PS20250036,Melissa Hernández Flores,Psicología,1,Social,3.83
CS20250037,Vanessa Vargas Guerrero,Comunicación Social,9,Producción Audiovisual,4.36
EN20240038,Isabella Cárdenas Figueroa,Enfermería,1,Cuidado Básico,3.96
EN20230039,Isabella Cárdenas Ríos,Enfermería,9,Cuidado Básico,4.14
IC20250040,Mariana González Palacios,Ingeniería Civil,4,Estática,3.37
OD20220041,Eduardo Morales Cárdenas,Odontología,1,Ortodoncia,3.01
AR20230042,Miguel Cruz Díaz,Arquitectura,6,Estructuras,3.11
AR20250043,Melissa Ramírez Barrera,Arquitectura,5,Estructuras,4.82
OD20220044,Alejandro Delgado Acosta,Odontología,2,Endodoncia,2.88
II20220045,Laura Herrera Cruz,Ingeniería Industrial,6,Producción,3.48
OD20220046,Fernando Pinto Ramos,Odontología,9,Endodoncia,3.96
LE20240047,Paola Barrera Pérez,Licenciatura en Educación Infantil,3,Pedagogía,4.68
OD20240048,Daniela Ortega Vargas,Odontología,4,Cirugía Oral,2.94
EN20240049,Monica Pineda Cruz,Enfermería,8,Cuidado Básico,4.36
DR20240050,Natalia López García,Derecho,3,Penal,3.9
CS20220051,Mauricio Ruiz Aguilar,Comunicación Social,7,Periodismo,5.0
TS20230052,Daniela Núñez López,Trabajo Social,6,Familia,4.52
DR20240053,Nicolás López Ramos,Derecho,1,Penal,3.16
LE20230054,David Polo Aguilar,Licenciatura en Educación Infantil,7,Desarrollo Infantil,3.4
IS20240055,Andrés Rivera Vega,Ingeniería de Sistemas,3,Algoritmos,3.83
NI20250056,Andrea Ortega Flores,Negocios Internacionales,2,Comercio Exterior,2.7
TS20240057,Ricardo Reyes Gómez,Trabajo Social,8,Comunidad,4.56
AE20240058,Julián Martínez Barrera,Administración de Empresas,7,Marketing,2.93
DR20250059,Sebastián Polo Ortega,Derecho,9,Procesal,3.76
CP20220060,Diego Rivera Cárdenas,Contaduría Pública,1,Finanzas,3.71
NI20250061,Carolina Castillo Ariza,Negocios Internacionales,6,Tratados,4.17
IS20220062,Eduardo Gómez Cruz,Ingeniería de Sistemas,7,Sistemas Operativos,3.61
CS20240063,Fernando Serrano Ariza,Comunicación Social,4,Opinión Pública,4.76
AR20240064,Luisa Acosta Mendoza,Arquitectura,2,Materiales,3.89
DR20240065,Paola Barrera Vega,Derecho,7,Procesal,4.14
LE20240066,Juan Serrano Figueroa,Licenciatura en Educación Infantil,3,Lúdica,4.39
CP20250067,Diana García Ramos,Contaduría Pública,4,Finanzas,3.34
AE20250068,Luis Ruiz Serrano,Administración de Empresas,9,Finanzas,3.72
EN20240069,Rodrigo Rodríguez Vargas,Enfermería,10,Cuidado Básico,4.34
NI20230070,Monica Ramos Reyes,Negocios Internacionales,4,Comercio Exterior,2.99
OD20250071,Santiago Morales Ríos,Odontología,2,Ortodoncia,3.98
MD20230072,Gabriel Guzmán Jiménez,Medicina,7,Fisiología,2.97
LE20250073,Adriana Guzmán García,Licenciatura en Educación Infantil,2,Desarrollo Infantil,4.56
EN20220074,Claudia Delgado Hernández,Enfermería,4,Salud Pública,4.96
EN20240075,Nicolás Delgado Barrera,Enfermería,9,Salud Pública,3.25
MD20250076,Hernán Guerrero Aguilar,Medicina,3,Clínica,2.71
TS20250077,Diego Bermúdez Morales,Trabajo Social,5,Política Social,3.93
DR20220078,Carlos Morales Ortega,Derecho,6,Penal,3.92
CS20230079,Daniela Reyes Jiménez,Comunicación Social,3,Periodismo,3.56
AE20250080,Vanessa Vega Hernández,Administración de Empresas,7,Contabilidad,4.19
OD20250081,Alejandra Martínez Bermúdez,Odontología,7,Anatomía Dental,4.07
CS20230082,Juan Vega Núñez,Comunicación Social,9,Opinión Pública,4.06
MD20250083,Julián Ortega Guerrero,Medicina,1,Farmacología,2.72
LE20220084,Sandra Flores Delgado,Licenciatura en Educación Infantil,3,Lúdica,3.12
IS20250085,Patricia Salinas Barrera,Ingeniería de Sistemas,2,Bases de Datos,3.67
AE20240086,Diego Jiménez Mendoza,Administración de Empresas,8,Marketing,3.72
NI20240087,Liliana Jiménez Ortega,Negocios Internacionales,7,Comercio Exterior,3.04
AR20220088,Isabella Castillo Reyes,Arquitectura,2,Diseño I,3.71
OD20230089,Andrea Gómez Martínez,Odontología,3,Cirugía Oral,3.21
CP20230090,Laura Delgado Guzmán,Contaduría Pública,6,Finanzas,3.84
IC20240091,Rafael Figueroa Pinto,Ingeniería Civil,3,Estática,2.27
PS20220092,Eduardo Serrano Jiménez,Psicología,4,Evaluación,3.32
IC20220093,Alejandra Pineda Morales,Ingeniería Civil,5,Concreto,3.56
IC20240094,Carolina Barrera Romero,Ingeniería Civil,9,Estática,3.12
PS20250095,Jorge Peña Pérez,Psicología,6,Neuropsicología,3.18
NI20250096,Adriana Ortega Acosta,Negocios Internacionales,9,Logística,4.37
CP20230097,Carolina Ariza Cárdenas,Contaduría Pública,6,Contabilidad General,3.69
OD20240098,Liliana Delgado Salinas,Odontología,7,Anatomía Dental,4.23
MD20240099,María Mendoza Rivera,Medicina,4,Farmacología,2.71
IS20230100,Alejandra Ortega Aguilar,Ingeniería de Sistemas,9,Programación I,4.68
MD20230101,Andrea Ariza Vega,Medicina,9,Clínica,3.13
AE20230102,Valentina Rodríguez Vargas,Administración de Empresas,7,Marketing,3.43
MD20240103,Rodrigo Cárdenas Romero,Medicina,9,Clínica,4.22
CP20240104,David Guzmán Delgado,Contaduría Pública,5,Auditoría,3.75
DR20230105,Sofía Ariza Gómez,Derecho,2,Penal,3.67
EN20240106,Sandra Cárdenas Bermúdez,Enfermería,10,Cuidado Básico,4.58
DR20240107,Felipe Vargas Reyes,Derecho,3,Derecho Civil,3.51
CP20250108,Santiago Hernández Aguilar,Contaduría Pública,3,Contabilidad General,3.4
MD20250109,Alejandro Salinas Vargas,Medicina,8,Farmacología,3.55
PS20220110,Ricardo Sánchez González,Psicología,8,Evaluación,4.24
II20240111,Iván Serrano Hernández,Ingeniería Industrial,3,Investigación de Operaciones,3.86
OD20230112,Liliana Vega Palacios,Odontología,10,Endodoncia,3.75
CP20250113,Juan Ruiz Ruiz,Contaduría Pública,10,Tributaria,3.78
AE20240114,Mauricio Pérez Bermúdez,Administración de Empresas,4,Gestión Humana,3.74
EN20230115,Andrés Morales Rivera,Enfermería,2,Cuidado Básico,2.93
AE20240116,Ricardo Vargas López,Administración de Empresas,5,Estrategia,4.32
LE20230117,Sebastián Serrano Reyes,Licenciatura en Educación Infantil,5,Lúdica,4.35
IC20230118,Daniela Ortega Torres,Ingeniería Civil,1,Hidráulica,3.56
LE20250119,Rafael Figueroa Salinas,Licenciatura en Educación Infantil,5,Pedagogía,3.6
EN20250120,Melissa Ortega Herrera,Enfermería,8,Cuidado Básico,3.97
CS20240121,Rafael López Guerrero,Comunicación Social,6,Periodismo,5.0
NI20220122,Eduardo Cárdenas Martínez,Negocios Internacionales,5,Finanzas Internacionales,4.62
MD20230123,Ricardo Campos Roa,Medicina,5,Cirugía,2.43
PS20240124,Camila Ríos Castillo,Psicología,6,Psicología Clínica,4.4
CS20240125,Andrés Suárez Vega,Comunicación Social,8,Opinión Pública,4.45
CP20220126,Vanessa Rodríguez Mendoza,Contaduría Pública,6,Costos,3.16
TS20250127,Hernán García Barrera,Trabajo Social,9,Familia,4.75
AR20220128,Marcela Bermúdez Peña,Arquitectura,8,Urbanismo,4.0
LE20250129,Natalia Aguilar Ramírez,Licenciatura en Educación Infantil,5,Lúdica,5.0
II20220130,Rafael Morales Pinto,Ingeniería Industrial,5,Logística,4.68
TS20250131,Jorge Rodríguez Reyes,Trabajo Social,2,Intervención Social,3.65
CS20250132,Gabriel Vargas Herrera,Comunicación Social,5,Opinión Pública,3.81
EN20250133,Ricardo Morales Delgado,Enfermería,3,Farmacología,4.26
NI20240134,Nicolás González Ortega,Negocios Internacionales,7,Tratados,3.63
CS20250135,Natalia García Vargas,Comunicación Social,5,Producción Audiovisual,3.46
EN20250136,Luisa Aguilar Bermúdez,Enfermería,7,Pediatría,4.05
OD20230137,Felipe Guzmán Morales,Odontología,7,Ortodoncia,4.51
AR20250138,Gabriel Jiménez Jiménez,Arquitectura,3,Diseño I,3.83
DR20250139,Nicolás Herrera Cárdenas,Derecho,2,Derecho Civil,2.94
TS20220140,Sandra Torres Vega,Trabajo Social,3,Familia,3.78
CS20220141,Diego Suárez Acosta,Comunicación Social,7,Publicidad,4.79
CS20220142,Juan Mendoza Pineda,Comunicación Social,8,Comunicación Digital,3.31
AR20230143,Sebastián Morales Pineda,Arquitectura,5,Diseño I,3.43
MD20240144,Iván Pinto Pérez,Medicina,3,Anatomía,3.38
CP20240145,Santiago Mendoza Hernández,Contaduría Pública,6,Costos,4.21
II20220146,Eduardo Serrano Rivera,Ingeniería Industrial,3,Logística,4.12
AE20230147,Juan Acosta Serrano,Administración de Empresas,8,Finanzas,3.57
LE20240148,Diego Barrera García,Licenciatura en Educación Infantil,8,Inclusión,4.28
DR20240149,Andrés González Ruiz,Derecho,10,Laboral,3.64
TS20220150,Paola Gómez Jiménez,Trabajo Social,8,Política Social,3.51
OD20240151,Juan Salinas Castillo,Odontología,5,Anatomía Dental,4.36
TS20250152,Natalia García Salinas,Trabajo Social,1,Comunidad,3.69
NI20230153,Cristian Reyes Palacios,Negocios Internacionales,6,Finanzas Internacionales,3.3
AR20220154,Sandra Polo Barrera,Arquitectura,3,Diseño I,3.01
OD20230155,Paola Ruiz López,Odontología,6,Anatomía Dental,4.01
II20240156,Jorge Rivera Gómez,Ingeniería Industrial,9,Logística,3.56
CP20240157,Hernán Ortega Flores,Contaduría Pública,8,Tributaria,4.09
AE20240158,Sebastián Torres Bermúdez,Administración de Empresas,7,Gestión Humana,3.36
EN20250159,Melissa García Cruz,Enfermería,2,Pediatría,3.26
DR20230160,Patricia Jiménez Pineda,Derecho,2,Laboral,2.81
DR20230161,Valentina Acosta Aguilar,Derecho,10,Derecho Civil,3.45
PS20230162,Alejandra Ramos Roa,Psicología,2,Psicología Clínica,3.38
IC20230163,Santiago Ramos Peña,Ingeniería Civil,2,Concreto,3.74
EN20230164,Rodrigo Figueroa Guzmán,Enfermería,7,Salud Pública,4.3
OD20240165,Adriana Pérez Peña,Odontología,7,Anatomía Dental,3.5
IC20240166,Luis Morales Romero,Ingeniería Civil,6,Estática,3.14
IC20220167,Melissa Ortega Gómez,Ingeniería Civil,8,Resistencia de Materiales,3.11
AE20230168,Valentina Hernández Suárez,Administración de Empresas,3,Gestión Humana,3.2
OD20230169,Liliana Aguilar Díaz,Odontología,4,Periodoncia,3.67
TS20230170,Rafael García Ortega,Trabajo Social,3,Investigación Social,2.92
AR20230171,Diego Rivera Sánchez,Arquitectura,1,Diseño I,2.89
II20220172,Patricia Mendoza Martínez,Ingeniería Industrial,5,Producción,4.41
IC20250173,Mauricio Vega Campos,Ingeniería Civil,2,Topografía,3.46
AE20220174,Mateo Ruiz Herrera,Administración de Empresas,10,Contabilidad,3.41
IS20250175,Paola Delgado Roa,Ingeniería de Sistemas,1,Algoritmos,3.16
LE20240176,Gabriel Ruiz González,Licenciatura en Educación Infantil,2,Inclusión,4.06
CP20240177,Daniela González Ramírez,Contaduría Pública,10,Costos,4.64
PS20220178,Vanessa Herrera Palacios,Psicología,2,Evaluación,3.82
MD20250179,Sandra Díaz Guerrero,Medicina,4,Farmacología,3.58
PS20240180,Sandra Pérez Mendoza,Psicología,6,Social,3.51
IC20220181,Daniela Serrano Ríos,Ingeniería Civil,2,Estática,2.51
IS20240182,Stephanie Ramírez Aguilar,Ingeniería de Sistemas,10,Programación I,4.14
NI20220183,Jorge Castillo Barrera,Negocios Internacionales,7,Idiomas,3.53
II20230184,Eduardo Herrera Díaz,Ingeniería Industrial,8,Investigación de Operaciones,3.48
IC20230185,David Aguilar Romero,Ingeniería Civil,5,Topografía,4.3
AR20220186,Marcela Acosta Serrano,Arquitectura,9,Materiales,2.59
IS20240187,Rodrigo Guzmán Ortega,Ingeniería de Sistemas,3,Redes,3.93
AR20220188,Mariana Torres Salinas,Arquitectura,7,Urbanismo,3.5
IC20230189,Mauricio Pineda Martínez,Ingeniería Civil,9,Topografía,3.18
DR20220190,Stephanie Ramos Ariza,Derecho,10,Derecho Civil,4.1
OD20220191,Daniela Flores Bermúdez,Odontología,1,Periodoncia,2.86
CP20220192,Rafael Ruiz Vega,Contaduría Pública,4,Tributaria,3.92
AR20250193,Carolina Sánchez Vargas,Arquitectura,10,Materiales,3.78
IS20240194,Melissa Palacios Hernández,Ingeniería de Sistemas,4,Bases de Datos,3.37
CP20240195,Cristian Ramírez Bermúdez,Contaduría Pública,5,Contabilidad General,4.67
EN20240196,Mariana Ramírez Jiménez,Enfermería,4,Cuidado Básico,3.76
PS20250197,Melissa Figueroa López,Psicología,1,Psicología Clínica,4.27
AR20240198,Eduardo Medina Pinto,Arquitectura,7,Diseño I,3.19
II20250199,Melissa Martínez Mendoza,Ingeniería Industrial,10,Estadística,4.76
PS20220200,Andrea Guerrero Cárdenas,Psicología,9,Educativa,4.68
AE20230201,Paola Figueroa Suárez,Administración de Empresas,6,Gestión Humana,3.63
DR20230202,Hernán Gómez Polo,Derecho,6,Penal,3.68
AE20230203,Mateo Torres Cruz,Administración de Empresas,3,Gestión Humana,4.2
OD20250204,María Delgado Bermúdez,Odontología,10,Endodoncia,4.61
DR20230205,Adriana Pineda Acosta,Derecho,6,Laboral,4.24
IS20220206,Paola Ortega Cárdenas,Ingeniería de Sistemas,6,Redes,3.85
IS20240207,Vanessa Ruiz López,Ingeniería de Sistemas,6,Programación I,2.67
EN20250208,Camila Acosta Palacios,Enfermería,7,Urgencias,2.65
MD20230209,Diana Figueroa López,Medicina,10,Farmacología,3.05
NI20220210,Isabella Ruiz Pérez,Negocios Internacionales,6,Tratados,3.5
AE20250211,Adriana Rivera López,Administración de Empresas,8,Contabilidad,3.66
PS20220212,Stephanie Vargas Jiménez,Psicología,6,Social,3.95
EN20240213,Sebastián Suárez Pérez,Enfermería,7,Pediatría,3.71
IC20230214,Rafael Torres Suárez,Ingeniería Civil,10,Hidráulica,2.87
AR20230215,Paola Roa Guzmán,Arquitectura,7,Materiales,3.68
NI20230216,Diana Jiménez Roa,Negocios Internacionales,6,Tratados,3.68
PS20240217,Camila Roa Barrera,Psicología,9,Psicología Clínica,3.89
MD20230218,Laura Suárez Polo,Medicina,4,Fisiología,3.58
TS20220219,Daniela González Vargas,Trabajo Social,2,Comunidad,4.38
II20230220,Rafael Jiménez Torres,Ingeniería Industrial,3,Ergonomía,3.05
AR20250221,Santiago Vega Romero,Arquitectura,4,Materiales,3.42
AE20250222,Luis Reyes Núñez,Administración de Empresas,5,Finanzas,4.75
MD20240223,Stephanie Serrano Salinas,Medicina,8,Clínica,2.91
II20220224,Andrés Gómez Palacios,Ingeniería Industrial,5,Ergonomía,3.65
CS20220225,Stephanie Aguilar Pérez,Comunicación Social,9,Publicidad,4.5
TS20220226,Luis Herrera Torres,Trabajo Social,7,Política Social,4.2
PS20250227,Luis Castillo Martínez,Psicología,1,Evaluación,3.42
IS20220228,Camila Romero Reyes,Ingeniería de Sistemas,6,Redes,3.99
CP20230229,Daniela Ramírez López,Contaduría Pública,8,Costos,3.83
AE20250230,Camila Martínez Cruz,Administración de Empresas,3,Gestión Humana,3.8
CP20220231,Cristian Vargas Morales,Contaduría Pública,2,Auditoría,2.78
TS20220232,Vanessa González Sánchez,Trabajo Social,8,Investigación Social,4.55
II20250233,Eduardo Morales Pinto,Ingeniería Industrial,5,Investigación de Operaciones,3.35
AR20240234,Jorge Rivera Barrera,Arquitectura,2,Diseño I,3.27
NI20220235,Claudia Núñez Herrera,Negocios Internacionales,9,Logística,4.13
CS20240236,Juan Romero Cruz,Comunicación Social,1,Periodismo,3.78
AR20240237,David Morales Ariza,Arquitectura,2,Urbanismo,4.2
AR20250238,Adriana Rivera Polo,Arquitectura,8,Urbanismo,3.97
NI20220239,Nicolás González Pinto,Negocios Internacionales,8,Idiomas,4.27
EN20250240,Santiago Mendoza Ramos,Enfermería,7,Pediatría,4.77
AE20240241,Santiago Bermúdez Roa,Administración de Empresas,5,Gestión Humana,4.19
LE20250242,Sofía Romero Guerrero,Licenciatura en Educación Infantil,7,Lúdica,3.77
CS20240243,Luisa Rivera Peña,Comunicación Social,8,Comunicación Digital,4.16
OD20240244,Carolina Rodríguez Guerrero,Odontología,3,Periodoncia,3.71
AR20240245,Mateo Rodríguez Mendoza,Arquitectura,5,Historia del Arte,3.2
MD20240246,Alejandra Ruiz Castillo,Medicina,1,Cirugía,2.85
NI20220247,Carolina Ortega Pineda,Negocios Internacionales,1,Logística,3.05
II20250248,Monica Flores Martínez,Ingeniería Industrial,10,Investigación de Operaciones,4.61
NI20240249,Nicolás González Morales,Negocios Internacionales,6,Logística,4.03
DR20250250,Daniela Serrano Ruiz,Derecho,6,Derecho Civil,3.66
DR20240251,Eduardo Ramírez Campos,Derecho,7,Constitucional,3.74
EN20220252,Mauricio Rivera Peña,Enfermería,7,Pediatría,4.11
MD20240253,Cristian Cruz Pinto,Medicina,4,Clínica,3.41
LE20220254,Sebastián Ruiz Rivera,Licenciatura en Educación Infantil,8,Didáctica,4.46
IC20240255,Rodrigo Castillo Pinto,Ingeniería Civil,9,Hidráulica,4.14
NI20230256,Alejandra Pineda Rivera,Negocios Internacionales,6,Comercio Exterior,3.2
NI20220257,Felipe Ramírez Morales,Negocios Internacionales,8,Idiomas,3.48
LE20220258,Diana Ramírez Acosta,Licenciatura en Educación Infantil,2,Didáctica,3.76
MD20250259,Melissa Pinto Ariza,Medicina,9,Clínica,3.62
MD20240260,Miguel Roa González,Medicina,8,Fisiología,3.29
OD20230261,Cristian Aguilar Pineda,Odontología,3,Ortodoncia,2.37
CP20230262,Sofía Campos Torres,Contaduría Pública,3,Tributaria,3.66
EN20220263,Gabriel Reyes Castillo,Enfermería,5,Pediatría,4.22
CP20220264,Natalia Ramírez Pineda,Contaduría Pública,10,Finanzas,5.0
OD20230265,Adriana Flores Cárdenas,Odontología,3,Endodoncia,3.34
IC20240266,Eduardo López Martínez,Ingeniería Civil,1,Resistencia de Materiales,2.56
OD20250267,Cristian Salinas Vega,Odontología,1,Endodoncia,3.06
PS20250268,Ricardo Morales Serrano,Psicología,5,Psicología Clínica,5.0
MD20250269,Alejandra Hernández Flores,Medicina,7,Clínica,3.65
CS20250270,Miguel Pinto Mendoza,Comunicación Social,6,Producción Audiovisual,4.82
EN20240271,Liliana Romero Herrera,Enfermería,2,Farmacología,3.22
IS20250272,Andrea Torres Pérez,Ingeniería de Sistemas,5,Sistemas Operativos,3.65
TS20240273,Jorge Morales Flores,Trabajo Social,6,Política Social,4.05
LE20250274,Hernán Delgado Peña,Licenciatura en Educación Infantil,5,Pedagogía,3.42
MD20230275,Camila Medina Herrera,Medicina,4,Cirugía,3.21
AR20240276,María Palacios Roa,Arquitectura,8,Materiales,3.92
II20240277,Alejandro Pérez Guerrero,Ingeniería Industrial,5,Ergonomía,3.29
DR20240278,Eduardo Aguilar Gómez,Derecho,9,Derecho Civil,4.24
NI20240279,Juan Herrera Ruiz,Negocios Internacionales,9,Tratados,3.9
NI20240280,Mateo Medina Romero,Negocios Internacionales,6,Finanzas Internacionales,3.65
PS20220281,Felipe Palacios Herrera,Psicología,9,Psicología Clínica,4.96
II20230282,Ricardo Campos Delgado,Ingeniería Industrial,10,Estadística,4.07
PS20240283,Marcela Mendoza Flores,Psicología,10,Evaluación,3.63
OD20250284,Fernando Peña Pinto,Odontología,5,Anatomía Dental,4.44
IC20240285,Stephanie Suárez Serrano,Ingeniería Civil,7,Estática,3.19
OD20220286,Adriana Polo Cárdenas,Odontología,4,Endodoncia,3.27
AR20250287,Ricardo Flores Campos,Arquitectura,10,Urbanismo,4.04
AE20250288,Eduardo Guzmán Sánchez,Administración de Empresas,1,Marketing,3.33
CS20250289,Jorge Torres Vega,Comunicación Social,4,Comunicación Digital,4.21
CS20230290,Mauricio Ariza Hernández,Comunicación Social,3,Comunicación Digital,2.76
EN20240291,Miguel Barrera Ríos,Enfermería,7,Farmacología,3.18
NI20250292,Fernando Castillo Serrano,Negocios Internacionales,5,Finanzas Internacionales,4.03
CP20240293,Andrea Ortega Aguilar,Contaduría Pública,4,Tributaria,3.48
DR20240294,María Mendoza Ríos,Derecho,9,Constitucional,3.01
EN20250295,Sofía Salinas Serrano,Enfermería,7,Pediatría,4.79
CS20240296,Carlos López Vargas,Comunicación Social,2,Opinión Pública,3.66
MD20230297,Adriana Cruz Figueroa,Medicina,4,Cirugía,3.23
OD20230298,Natalia Ramírez Pérez,Odontología,10,Cirugía Oral,4.46
AE20220299,Isabella Barrera Campos,Administración de Empresas,4,Gestión Humana,3.07
II20230300,Mateo Serrano Polo,Ingeniería Industrial,1,Ergonomía,3.95
AR20240301,Adriana Ríos Ríos,Arquitectura,4,Estructuras,3.58
OD20220302,Cristian Rodríguez Roa,Odontología,4,Cirugía Oral,3.71
TS20250303,Jorge Rivera López,Trabajo Social,7,Política Social,5.0
CP20220304,Carlos López García,Contaduría Pública,10,Tributaria,3.41
EN20250305,Carlos Delgado Roa,Enfermería,9,Farmacología,4.29
II20240306,Felipe Sánchez Suárez,Ingeniería Industrial,8,Producción,3.28
NI20230307,Alejandro Figueroa Suárez,Negocios Internacionales,5,Finanzas Internacionales,3.26
DR20250308,Melissa Guerrero Herrera,Derecho,2,Derecho Civil,3.04
DR20220309,Mariana Ramírez Ríos,Derecho,4,Constitucional,3.17
OD20220310,Natalia Suárez Ramos,Odontología,10,Periodoncia,4.16
AE20220311,Adriana Romero Guzmán,Administración de Empresas,1,Estrategia,3.5
CP20240312,Hernán Pinto Polo,Contaduría Pública,2,Tributaria,4.17
II20230313,Marcela Reyes Reyes,Ingeniería Industrial,8,Ergonomía,3.77
LE20230314,Jorge Guzmán Aguilar,Licenciatura en Educación Infantil,8,Desarrollo Infantil,3.43
TS20250315,Monica Bermúdez Palacios,Trabajo Social,2,Investigación Social,3.78
TS20230316,Eduardo Sánchez Hernández,Trabajo Social,9,Investigación Social,3.91
DR20250317,Fernando Torres Flores,Derecho,9,Derecho Civil,3.45
MD20250318,María Rodríguez Herrera,Medicina,1,Fisiología,2.41
OD20250319,Hernán Vega Delgado,Odontología,1,Periodoncia,3.31
OD20220320,Alejandro Figueroa Díaz,Odontología,2,Ortodoncia,2.9
EN20220321,David Guzmán González,Enfermería,1,Salud Pública,4.15
AR20240322,Cristian Ramírez Polo,Arquitectura,7,Historia del Arte,3.85
IC20230323,Luis Jiménez Jiménez,Ingeniería Civil,9,Hidráulica,4.89
CS20220324,Melissa Campos Ramírez,Comunicación Social,4,Periodismo,5.0
CS20250325,Paola Delgado Serrano,Comunicación Social,9,Comunicación Digital,3.93
CP20220326,Vanessa Castillo Torres,Contaduría Pública,4,Contabilidad General,3.99
NI20230327,Rodrigo Vega Acosta,Negocios Internacionales,1,Finanzas Internacionales,4.37
CS20230328,Luis Palacios Serrano,Comunicación Social,1,Periodismo,4.2
EN20220329,Melissa Ruiz Reyes,Enfermería,4,Farmacología,3.27
OD20240330,Sandra Salinas Mendoza,Odontología,10,Cirugía Oral,3.75
EN20250331,Paola Torres Barrera,Enfermería,4,Pediatría,3.61
AR20250332,Patricia Figueroa Rivera,Arquitectura,7,Diseño I,4.43
PS20240333,David Roa Barrera,Psicología,9,Educativa,3.73
MD20230334,Mariana Bermúdez Núñez,Medicina,4,Farmacología,3.57
LE20250335,Gabriel Torres Delgado,Licenciatura en Educación Infantil,1,Lúdica,3.62
DR20250336,Andrea Cruz Díaz,Derecho,2,Constitucional,3.44
TS20220337,Camila Núñez Ariza,Trabajo Social,4,Comunidad,3.38
NI20230338,Santiago González Gómez,Negocios Internacionales,10,Logística,4.58
LE20230339,Laura Suárez Ramos,Licenciatura en Educación Infantil,1,Desarrollo Infantil,4.17
CS20230340,Liliana Ríos Morales,Comunicación Social,10,Opinión Pública,4.2
NI20250341,Andrea Aguilar Mendoza,Negocios Internacionales,5,Logística,3.35
LE20250342,Diego Romero Herrera,Licenciatura en Educación Infantil,8,Pedagogía,4.07
TS20230343,Sandra Ríos Bermúdez,Trabajo Social,6,Comunidad,3.94
IS20250344,Julián Figueroa Torres,Ingeniería de Sistemas,5,Redes,3.72
AE20230345,Daniela Gómez Suárez,Administración de Empresas,7,Estrategia,2.69
TS20250346,Luisa Cruz Bermúdez,Trabajo Social,8,Familia,3.67
II20250347,Andrés Ariza Castillo,Ingeniería Industrial,3,Producción,4.18
IS20220348,Adriana Hernández Campos,Ingeniería de Sistemas,2,Programación I,3.1
AE20230349,Jorge Ramírez Pineda,Administración de Empresas,2,Gestión Humana,3.86
AR20250350,Isabella Acosta Pineda,Arquitectura,10,Historia del Arte,4.46
EN20220351,Valentina García Núñez,Enfermería,7,Cuidado Básico,3.41
TS20230352,Carlos Martínez Herrera,Trabajo Social,7,Intervención Social,3.96
AE20240353,Mateo Campos Torres,Administración de Empresas,4,Marketing,3.76
OD20230354,Stephanie Medina Delgado,Odontología,4,Periodoncia,4.07
TS20220355,Monica Rodríguez Roa,Trabajo Social,1,Familia,3.29
CS20220356,Isabella Pineda García,Comunicación Social,3,Opinión Pública,4.46
OD20220357,Carolina Roa Suárez,Odontología,2,Cirugía Oral,3.71
IS20240358,Eduardo Ríos Ortega,Ingeniería de Sistemas,2,Sistemas Operativos,4.51
II20220359,Eduardo Barrera López,Ingeniería Industrial,6,Producción,2.92
CP20230360,Gabriel Medina González,Contaduría Pública,3,Finanzas,3.2
DR20230361,Juan Serrano Núñez,Derecho,7,Derecho Civil,2.25
AE20240362,Isabella Pérez Guerrero,Administración de Empresas,2,Contabilidad,3.73
PS20220363,Cristian Acosta Palacios,Psicología,6,Social,4.13
PS20230364,Julián Castillo Aguilar,Psicología,7,Evaluación,3.45
NI20240365,Rodrigo Jiménez Rodríguez,Negocios Internacionales,10,Finanzas Internacionales,4.01
NI20250366,Daniela Jiménez Pinto,Negocios Internacionales,3,Idiomas,3.56
IS20250367,Stephanie Pérez Rodríguez,Ingeniería de Sistemas,5,Redes,3.58
MD20250368,Camila Rivera Guerrero,Medicina,9,Anatomía,3.27
EN20240369,Valentina Rodríguez Castillo,Enfermería,2,Salud Pública,4.21
LE20230370,Cristian Rodríguez Ariza,Licenciatura en Educación Infantil,9,Inclusión,4.26
PS20230371,Claudia Flores Serrano,Psicología,3,Social,3.68
CP20240372,Sebastián Flores Guerrero,Contaduría Pública,7,Costos,4.45
AE20230373,Sebastián Romero Cruz,Administración de Empresas,8,Estrategia,4.35
PS20250374,Melissa Suárez Acosta,Psicología,6,Social,4.29
II20240375,Carolina Roa Palacios,Ingeniería Industrial,5,Logística,4.01
DR20250376,Miguel Rivera Medina,Derecho,5,Procesal,3.54
CP20240377,Andrea Mendoza Jiménez,Contaduría Pública,7,Contabilidad General,4.17
NI20220378,Fernando Rivera Serrano,Negocios Internacionales,9,Logística,3.87
NI20220379,Gabriel Díaz Ruiz,Negocios Internacionales,5,Logística,3.72
AR20250380,Paola Morales Cruz,Arquitectura,3,Historia del Arte,3.31
MD20250381,Sebastián Ruiz Palacios,Medicina,10,Cirugía,2.32
IS20220382,Alejandra Vega Núñez,Ingeniería de Sistemas,6,Programación I,3.55
AR20230383,Cristian Morales Barrera,Arquitectura,6,Materiales,5.0
NI20250384,Monica Roa Medina,Negocios Internacionales,6,Comercio Exterior,4.33
AE20230385,Alejandro Pérez Cruz,Administración de Empresas,9,Estrategia,3.59
EN20240386,Monica Cárdenas Guzmán,Enfermería,3,Cuidado Básico,4.12
PS20220387,Ricardo Pérez Vargas,Psicología,2,Neuropsicología,3.55
DR20220388,Laura Campos Ríos,Derecho,8,Laboral,4.19
DR20240389,Sandra Guzmán Ruiz,Derecho,2,Derecho Civil,3.64
AR20230390,Luisa Roa Pérez,Arquitectura,3,Materiales,3.33
DR20250391,Mariana Aguilar Flores,Derecho,9,Laboral,3.88
AR20250392,Mariana Rivera Pineda,Arquitectura,7,Diseño I,4.3
MD20250393,Mauricio Acosta Gómez,Medicina,10,Clínica,3.94
NI20220394,Natalia Bermúdez Pinto,Negocios Internacionales,2,Tratados,3.75
AE20220395,Mariana Romero Mendoza,Administración de Empresas,8,Marketing,3.68
PS20250396,Iván Mendoza Palacios,Psicología,10,Evaluación,3.6
TS20230397,Sofía Castillo Castillo,Trabajo Social,8,Comunidad,4.72
IC20240398,Monica Ramírez Mendoza,Ingeniería Civil,4,Estática,3.06
II20250399,Mariana Romero Guzmán,Ingeniería Industrial,9,Ergonomía,3.23
AR20230400,Carolina Rivera Peña,Arquitectura,9,Materiales,3.41
II20240401,Andrés Peña Vargas,Ingeniería Industrial,3,Ergonomía,2.77
AE20250402,Alejandro Peña Ramírez,Administración de Empresas,7,Estrategia,3.19
CS20250403,Monica Peña Vega,Comunicación Social,8,Producción Audiovisual,4.3
IS20230404,Liliana Reyes Vargas,Ingeniería de Sistemas,5,Sistemas Operativos,3.63
MD20250405,Carlos Flores Polo,Medicina,10,Cirugía,2.84
TS20220406,Natalia Polo Núñez,Trabajo Social,6,Familia,3.95
IC20240407,Fernando Díaz Guerrero,Ingeniería Civil,4,Estática,2.94
NI20230408,Camila Ruiz Sánchez,Negocios Internacionales,4,Tratados,3.98
OD20230409,Alejandra Castillo Pinto,Odontología,7,Endodoncia,3.88
DR20240410,Laura Hernández Salinas,Derecho,9,Procesal,4.11
CS20240411,Fernando Flores Mendoza,Comunicación Social,5,Comunicación Digital,3.94
NI20220412,Monica Pérez Ramírez,Negocios Internacionales,7,Idiomas,5.0
TS20230413,Adriana Ramírez Guzmán,Trabajo Social,3,Política Social,3.63
MD20240414,Liliana Serrano Medina,Medicina,3,Clínica,2.28
AR20250415,Juan Ruiz González,Arquitectura,2,Materiales,3.54
DR20220416,Stephanie Delgado Peña,Derecho,10,Derecho Civil,3.01
AR20220417,Sandra Delgado Pineda,Arquitectura,6,Materiales,2.54
DR20240418,Laura Peña Ortega,Derecho,5,Procesal,4.53
TS20240419,Eduardo Ramírez Salinas,Trabajo Social,8,Intervención Social,4.82
LE20250420,Vanessa Martínez Sánchez,Licenciatura en Educación Infantil,3,Lúdica,4.2
CS20240421,Alejandro Guerrero Gómez,Comunicación Social,3,Producción Audiovisual,4.77
CP20240422,Camila Roa Romero,Contaduría Pública,2,Auditoría,2.84
CP20250423,Isabella Medina Pineda,Contaduría Pública,4,Contabilidad General,3.71
OD20250424,Ricardo González Ramírez,Odontología,4,Anatomía Dental,3.5
TS20250425,Alejandro Guzmán Suárez,Trabajo Social,2,Política Social,3.45
IC20240426,Camila Ariza Pérez,Ingeniería Civil,6,Hidráulica,3.56
TS20230427,Nicolás Jiménez Polo,Trabajo Social,3,Intervención Social,3.81
DR20230428,Adriana Flores Ruiz,Derecho,4,Laboral,3.61
TS20220429,Marcela Serrano Ruiz,Trabajo Social,4,Intervención Social,4.1
PS20230430,Sandra Jiménez Castillo,Psicología,6,Neuropsicología,4.22
AE20240431,Natalia Roa Rodríguez,Administración de Empresas,9,Gestión Humana,4.49
OD20230432,Paola Díaz Campos,Odontología,9,Ortodoncia,3.06
NI20250433,Carlos Roa Hernández,Negocios Internacionales,4,Logística,4.31
LE20240434,Rafael González Campos,Licenciatura en Educación Infantil,1,Didáctica,4.32
PS20230435,Nicolás Jiménez Salinas,Psicología,6,Educativa,4.91
IS20230436,Valentina Cárdenas González,Ingeniería de Sistemas,5,Programación I,3.29
CP20250437,Isabella Medina Herrera,Contaduría Pública,9,Costos,3.85
II20220438,Fernando Núñez Acosta,Ingeniería Industrial,5,Estadística,3.44
NI20240439,Camila Herrera Díaz,Negocios Internacionales,3,Logística,2.98
IC20250440,Adriana Serrano Roa,Ingeniería Civil,5,Resistencia de Materiales,2.98
LE20220441,Isabella Morales Rodríguez,Licenciatura en Educación Infantil,7,Lúdica,4.0
CS20220442,Rodrigo Figueroa Barrera,Comunicación Social,3,Periodismo,3.86
IS20250443,Gabriel Ramírez Guzmán,Ingeniería de Sistemas,3,Redes,2.53
DR20240444,Sandra Cruz Flores,Derecho,3,Derecho Civil,3.44
NI20240445,Cristian Martínez Suárez,Negocios Internacionales,7,Tratados,4.74
MD20240446,Eduardo Pineda González,Medicina,8,Anatomía,3.82
DR20240447,María Salinas Flores,Derecho,3,Derecho Civil,4.23
EN20220448,Sofía Reyes Figueroa,Enfermería,1,Cuidado Básico,3.09
DR20230449,Andrea López Ríos,Derecho,7,Penal,4.73
AR20230450,Diana Pinto Figueroa,Arquitectura,7,Estructuras,3.28
DR20220451,Andrea Vega Ariza,Derecho,5,Procesal,3.21
NI20220452,Isabella Rivera Reyes,Negocios Internacionales,9,Logística,4.49
NI20240453,Sebastián Delgado Vargas,Negocios Internacionales,5,Comercio Exterior,3.79
NI20230454,Felipe Vargas Salinas,Negocios Internacionales,5,Logística,3.84
NI20230455,Stephanie Cárdenas Peña,Negocios Internacionales,4,Finanzas Internacionales,4.38
AR20240456,Julián Núñez Castillo,Arquitectura,1,Diseño I,3.52
TS20220457,Liliana Barrera Jiménez,Trabajo Social,5,Política Social,3.56
CS20220458,María Hernández Torres,Comunicación Social,5,Periodismo,3.98
CS20250459,Julián Campos Vega,Comunicación Social,6,Periodismo,3.53
OD20220460,Iván Medina González,Odontología,10,Ortodoncia,3.44
CP20240461,Rodrigo Ramírez Morales,Contaduría Pública,5,Costos,3.49
AE20230462,Miguel Ruiz Ortega,Administración de Empresas,2,Finanzas,2.89
IC20220463,Cristian Polo Cárdenas,Ingeniería Civil,3,Resistencia de Materiales,2.93
NI20250464,Sofía Núñez Castillo,Negocios Internacionales,4,Idiomas,3.97
IC20240465,Vanessa Cruz Sánchez,Ingeniería Civil,3,Concreto,4.39
CS20240466,Miguel Torres Rodríguez,Comunicación Social,4,Opinión Pública,4.28
CP20230467,Hernán Hernández Serrano,Contaduría Pública,5,Contabilidad General,4.79
AE20250468,Diana Figueroa Aguilar,Administración de Empresas,2,Gestión Humana,3.42
IS20230469,Nicolás Sánchez García,Ingeniería de Sistemas,4,Bases de Datos,3.76
OD20240470,Iván Roa Rodríguez,Odontología,10,Anatomía Dental,3.29
LE20230471,Valentina González Gómez,Licenciatura en Educación Infantil,8,Pedagogía,5.0
MD20230472,Luisa Sánchez López,Medicina,1,Cirugía,2.62
MD20250473,Carolina Ariza Medina,Medicina,1,Clínica,3.38
MD20220474,Mariana Ortega Ortega,Medicina,3,Cirugía,3.62
AR20250475,Marcela Acosta Morales,Arquitectura,5,Historia del Arte,4.13
II20230476,Camila Ortega Jiménez,Ingeniería Industrial,7,Logística,3.32
NI20250477,Andrea Pineda Núñez,Negocios Internacionales,1,Idiomas,2.75
DR20240478,David Salinas Herrera,Derecho,7,Penal,3.86
AE20240479,Valentina Mendoza Palacios,Administración de Empresas,1,Gestión Humana,3.92
AE20220480,David Polo Cárdenas,Administración de Empresas,3,Finanzas,3.2
EN20230481,Rodrigo Morales Ortega,Enfermería,1,Urgencias,4.16
AE20240482,David Rivera Rivera,Administración de Empresas,10,Marketing,3.25
CS20230483,Patricia Martínez Pinto,Comunicación Social,6,Comunicación Digital,5.0
II20220484,María Núñez Ramos,Ingeniería Industrial,8,Investigación de Operaciones,3.45
AE20250485,Isabella Reyes Palacios,Administración de Empresas,1,Gestión Humana,3.33
II20220486,Nicolás Suárez Pinto,Ingeniería Industrial,6,Investigación de Operaciones,4.36
LE20220487,Daniela Cárdenas Pinto,Licenciatura en Educación Infantil,3,Inclusión,4.88
PS20220488,Stephanie Pinto Barrera,Psicología,10,Social,3.09
II20250489,Paola Mendoza Ramírez,Ingeniería Industrial,7,Estadística,4.4
AE20230490,Alejandra Acosta Castillo,Administración de Empresas,10,Estrategia,5.0
CP20230491,Paola Ariza Guzmán,Contaduría Pública,3,Contabilidad General,4.95
IS20240492,Melissa Polo Salinas,Ingeniería de Sistemas,3,Sistemas Operativos,3.06
IC20230493,Julián Pineda Salinas,Ingeniería Civil,8,Hidráulica,3.57
LE20240494,Miguel Flores Pineda,Licenciatura en Educación Infantil,2,Lúdica,3.53
AE20240495,Alejandro Cruz Díaz,Administración de Empresas,2,Marketing,3.94
CS20230496,Isabella Jiménez Ruiz,Comunicación Social,7,Opinión Pública,3.29
EN20220497,María Jiménez Castillo,Enfermería,7,Salud Pública,4.01
II20220498,Liliana Serrano Reyes,Ingeniería Industrial,8,Investigación de Operaciones,3.08
CP20220499,Carlos Martínez Mendoza,Contaduría Pública,2,Tributaria,3.9
LE20240500,Sandra González Aguilar,Licenciatura en Educación Infantil,2,Inclusión,4.41
IS20230501,Marcela Ríos Pinto,Ingeniería de Sistemas,7,Sistemas Operativos,3.89
AE20240502,Mateo Suárez Díaz,Administración de Empresas,7,Marketing,3.73
IS20250503,Paola Morales Pérez,Ingeniería de Sistemas,7,Bases de Datos,3.69
AR20250504,Camila Vargas Barrera,Arquitectura,10,Urbanismo,3.88
II20220505,Mateo Martínez Díaz,Ingeniería Industrial,5,Ergonomía,3.92
LE20220506,Melissa Ríos Peña,Licenciatura en Educación Infantil,5,Inclusión,3.67
LE20240507,Juan Rivera Romero,Licenciatura en Educación Infantil,7,Desarrollo Infantil,3.73
TS20220508,Vanessa Cruz Reyes,Trabajo Social,5,Política Social,4.1
IC20240509,Liliana Guzmán Barrera,Ingeniería Civil,2,Concreto,2.55
TS20250510,Julián Aguilar Hernández,Trabajo Social,7,Investigación Social,4.52
LE20250511,Monica Ríos Salinas,Licenciatura en Educación Infantil,4,Didáctica,5.0
OD20230512,Gabriel López Herrera,Odontología,9,Anatomía Dental,4.29
II20230513,Liliana Ruiz Rivera,Ingeniería Industrial,4,Producción,3.83
TS20240514,Monica Guerrero Gómez,Trabajo Social,3,Comunidad,3.94
PS20250515,Sandra González Rodríguez,Psicología,9,Evaluación,3.92
OD20250516,Vanessa García Guzmán,Odontología,10,Anatomía Dental,4.15
OD20220517,Jorge Torres Torres,Odontología,10,Anatomía Dental,3.53
LE20240518,Carlos Núñez Castillo,Licenciatura en Educación Infantil,7,Lúdica,4.04
OD20220519,Adriana Peña Salinas,Odontología,8,Cirugía Oral,3.63
PS20250520,Rafael Serrano Guzmán,Psicología,1,Social,4.1
CS20240521,Alejandra Morales Hernández,Comunicación Social,8,Publicidad,5.0
TS20220522,Paola Ramos Ortega,Trabajo Social,8,Política Social,4.21
MD20240523,Nicolás Ramos Figueroa,Medicina,6,Clínica,3.21
CS20240524,Luis Díaz Vega,Comunicación Social,8,Periodismo,4.03
CP20250525,Hernán Flores González,Contaduría Pública,9,Auditoría,4.05
AE20220526,Eduardo Martínez Rivera,Administración de Empresas,4,Finanzas,3.16
LE20230527,Santiago Delgado Hernández,Licenciatura en Educación Infantil,6,Didáctica,3.68
AR20230528,Melissa Pineda Sánchez,Arquitectura,1,Estructuras,3.95
II20240529,María Palacios Ruiz,Ingeniería Industrial,8,Estadística,4.38
CP20250530,Mauricio Guzmán Rodríguez,Contaduría Pública,1,Contabilidad General,4.6
AE20230531,Andrés Salinas Polo,Administración de Empresas,4,Finanzas,3.75
AR20250532,Valentina Polo Polo,Arquitectura,1,Urbanismo,4.06
NI20230533,Adriana Rivera Palacios,Negocios Internacionales,1,Idiomas,2.68
CP20250534,Gabriel Pinto Roa,Contaduría Pública,7,Tributaria,3.01
MD20250535,Vanessa Cruz Díaz,Medicina,5,Cirugía,3.89
AR20240536,Rodrigo Romero Aguilar,Arquitectura,10,Estructuras,4.25
IC20240537,Monica Pérez Ríos,Ingeniería Civil,6,Hidráulica,3.78
AE20230538,Gabriel Roa Ramos,Administración de Empresas,3,Gestión Humana,3.45
DR20220539,Rafael Medina Barrera,Derecho,3,Laboral,4.01
CS20230540,Jorge Medina Jiménez,Comunicación Social,1,Publicidad,3.89
AR20250541,Sandra Pinto Reyes,Arquitectura,9,Estructuras,2.76
CP20250542,Rodrigo Aguilar Rivera,Contaduría Pública,2,Auditoría,3.59
NI20230543,Mauricio Cruz Ariza,Negocios Internacionales,9,Idiomas,3.8
PS20240544,Julián Figueroa Ramos,Psicología,6,Social,3.68
TS20250545,Patricia Vargas Delgado,Trabajo Social,2,Intervención Social,4.33
LE20220546,Marcela González Ríos,Licenciatura en Educación Infantil,4,Lúdica,3.48
IS20230547,Claudia Ramos Vega,Ingeniería de Sistemas,3,Bases de Datos,2.59
TS20220548,Vanessa Torres Mendoza,Trabajo Social,3,Familia,5.0
DR20220549,Luisa Pineda Rivera,Derecho,1,Laboral,3.36
II20220550,Andrés Salinas Bermúdez,Ingeniería Industrial,8,Producción,4.7
PS20250551,Marcela Guerrero Pineda,Psicología,7,Educativa,3.93
IS20230552,Felipe Ariza Romero,Ingeniería de Sistemas,6,Programación I,3.7
CS20230553,Monica García Pineda,Comunicación Social,4,Publicidad,3.92
II20220554,Hernán Cárdenas Ramos,Ingeniería Industrial,2,Estadística,3.78
EN20240555,Carlos Delgado Ariza,Enfermería,10,Salud Pública,5.0
NI20230556,Luisa Peña Castillo,Negocios Internacionales,4,Logística,2.65
CS20230557,Valentina Reyes Reyes,Comunicación Social,3,Periodismo,3.7
NI20250558,Stephanie Pinto Roa,Negocios Internacionales,1,Idiomas,3.52
IS20220559,Cristian Núñez Acosta,Ingeniería de Sistemas,10,Programación I,3.7
MD20220560,Alejandra Sánchez Vega,Medicina,7,Cirugía,3.35
II20220561,Diego Ríos Guzmán,Ingeniería Industrial,4,Estadística,3.4
OD20250562,Claudia Ortega Acosta,Odontología,3,Anatomía Dental,3.6
IC20220563,Hernán Ariza Acosta,Ingeniería Civil,5,Estática,2.71
AE20250564,Cristian Cruz Campos,Administración de Empresas,6,Marketing,3.91
MD20250565,Andrés López Aguilar,Medicina,4,Farmacología,3.33
AR20230566,Camila Sánchez Salinas,Arquitectura,8,Diseño I,3.87
CS20240567,Cristian Herrera González,Comunicación Social,2,Producción Audiovisual,2.48
IC20220568,Diego Delgado Hernández,Ingeniería Civil,3,Hidráulica,3.79
PS20220569,Stephanie Serrano Mendoza,Psicología,2,Psicología Clínica,4.14
DR20240570,Adriana Flores Suárez,Derecho,8,Derecho Civil,3.8
IC20250571,Stephanie Suárez Rivera,Ingeniería Civil,7,Topografía,3.47
LE20220572,Ricardo Vega Roa,Licenciatura en Educación Infantil,3,Desarrollo Infantil,4.52
TS20220573,Alejandra Ariza Hernández,Trabajo Social,3,Familia,4.42
II20250574,Eduardo Serrano Ruiz,Ingeniería Industrial,10,Estadística,3.53
LE20250575,Marcela Martínez Serrano,Licenciatura en Educación Infantil,3,Lúdica,4.41
AR20220576,Santiago González Cruz,Arquitectura,6,Materiales,4.07
CS20230577,Cristian Figueroa Salinas,Comunicación Social,10,Publicidad,3.43
AR20250578,Marcela Pérez Guerrero,Arquitectura,4,Estructuras,3.52
PS20220579,Rodrigo Serrano Roa,Psicología,3,Psicología Clínica,3.68
IC20240580,Ricardo Peña Flores,Ingeniería Civil,8,Resistencia de Materiales,3.33
EN20250581,Luisa Ortega Hernández,Enfermería,4,Salud Pública,3.81
IC20250582,Luis Salinas Ruiz,Ingeniería Civil,8,Hidráulica,3.38
AR20220583,Sofía Peña Figueroa,Arquitectura,1,Historia del Arte,2.9
OD20230584,Alejandro Rodríguez Palacios,Odontología,5,Ortodoncia,3.93
TS20250585,Luisa Romero Hernández,Trabajo Social,4,Comunidad,3.21
DR20220586,Ricardo Pinto Barrera,Derecho,8,Derecho Civil,3.5
IS20240587,Liliana Barrera Reyes,Ingeniería de Sistemas,6,Redes,3.09
MD20250588,Mateo López Flores,Medicina,3,Anatomía,3.12
AE20250589,Diego Acosta Gómez,Administración de Empresas,2,Finanzas,2.82
NI20220590,Gabriel Suárez Pérez,Negocios Internacionales,7,Tratados,4.2
MD20230591,Sofía Polo Ruiz,Medicina,10,Clínica,4.46
MD20230592,Diana Guerrero Cárdenas,Medicina,9,Cirugía,3.54
IC20240593,Mariana Ariza Ramírez,Ingeniería Civil,7,Concreto,3.96
AE20250594,Rafael Guzmán Bermúdez,Administración de Empresas,5,Marketing,3.47
II20240595,Carlos Ruiz Ramírez,Ingeniería Industrial,7,Logística,4.3
AE20240596,Diana Pineda Díaz,Administración de Empresas,4,Marketing,3.15
AR20240597,Monica Ramírez Pinto,Arquitectura,3,Diseño I,3.63
CS20240598,Patricia Salinas Barrera,Comunicación Social,7,Opinión Pública,3.43
IS20230599,Alejandro Campos Pérez,Ingeniería de Sistemas,7,Programación I,3.46
AR20230600,Liliana Flores Vargas,Arquitectura,5,Diseño I,3.34
NI20220601,Alejandra Vargas Díaz,Negocios Internacionales,9,Idiomas,4.12
TS20250602,Monica Figueroa Aguilar,Trabajo Social,4,Política Social,3.68
CS20250603,Hernán Guzmán Vargas,Comunicación Social,1,Opinión Pública,3.06
IS20240604,Monica Mendoza Aguilar,Ingeniería de Sistemas,1,Bases de Datos,3.88
TS20240605,Marcela Polo Ruiz,Trabajo Social,4,Investigación Social,3.2
CP20230606,Cristian Ariza Gómez,Contaduría Pública,8,Contabilidad General,3.66
EN20250607,Mariana Rivera Figueroa,Enfermería,2,Cuidado Básico,3.01
TS20220608,Nicolás Flores Cárdenas,Trabajo Social,5,Comunidad,4.26
IS20240609,Vanessa Pinto Torres,Ingeniería de Sistemas,3,Sistemas Operativos,4.69
MD20240610,Marcela Barrera Ramos,Medicina,10,Anatomía,3.96
AE20220611,Gabriel Mendoza Campos,Administración de Empresas,3,Contabilidad,4.15
AE20240612,Melissa Rodríguez Castillo,Administración de Empresas,4,Marketing,4.4
NI20250613,Stephanie Vargas Díaz,Negocios Internacionales,10,Tratados,4.75
DR20230614,Alejandro Sánchez Barrera,Derecho,8,Procesal,2.39
AR20250615,Marcela Morales López,Arquitectura,6,Diseño I,3.18
TS20250616,Carlos Martínez Campos,Trabajo Social,6,Familia,4.45
AE20220617,Santiago Vargas Roa,Administración de Empresas,6,Gestión Humana,4.58
AR20230618,Fernando Núñez García,Arquitectura,2,Urbanismo,4.73
AE20250619,Monica Guerrero Pérez,Administración de Empresas,9,Gestión Humana,4.01
IS20220620,Vanessa Pinto Suárez,Ingeniería de Sistemas,2,Programación I,3.12
IC20230621,Mariana Cruz Aguilar,Ingeniería Civil,10,Hidráulica,3.16
IS20220622,Melissa Guerrero Mendoza,Ingeniería de Sistemas,7,Sistemas Operativos,3.97
OD20220623,Alejandro Roa Ariza,Odontología,2,Anatomía Dental,3.03
OD20240624,Carlos Serrano Ramos,Odontología,2,Ortodoncia,3.95
IS20230625,Juan Medina Barrera,Ingeniería de Sistemas,8,Sistemas Operativos,3.85
II20240626,Fernando Vargas Pineda,Ingeniería Industrial,5,Investigación de Operaciones,4.56
IC20220627,Diana Aguilar Torres,Ingeniería Civil,1,Concreto,2.74
CS20230628,Camila Ramos Díaz,Comunicación Social,6,Opinión Pública,3.71
II20230629,Adriana Herrera Torres,Ingeniería Industrial,3,Logística,3.76
TS20250630,Mariana Barrera Salinas,Trabajo Social,1,Investigación Social,3.49
IC20220631,Sebastián Vargas Barrera,Ingeniería Civil,5,Resistencia de Materiales,3.36
AR20220632,Luisa Castillo Ramírez,Arquitectura,4,Estructuras,2.99
DR20250633,Marcela González Gómez,Derecho,8,Constitucional,3.43
OD20240634,Patricia Torres Salinas,Odontología,6,Ortodoncia,3.29
AE20250635,Andrés García Mendoza,Administración de Empresas,4,Marketing,3.98
MD20240636,Sandra Suárez Ríos,Medicina,8,Farmacología,3.23
II20220637,María Aguilar Pérez,Ingeniería Industrial,10,Estadística,4.05
CS20220638,Fernando Gómez Cruz,Comunicación Social,2,Periodismo,3.71
TS20250639,Hernán Pineda Martínez,Trabajo Social,10,Investigación Social,4.19
MD20240640,Diego Núñez Núñez,Medicina,3,Clínica,3.43
CS20230641,Julián Polo Cárdenas,Comunicación Social,5,Opinión Pública,3.82
AR20230642,Stephanie Herrera García,Arquitectura,4,Materiales,3.62
II20230643,Nicolás Ruiz Flores,Ingeniería Industrial,10,Ergonomía,4.01
IC20240644,Liliana Peña Reyes,Ingeniería Civil,5,Resistencia de Materiales,3.4
EN20250645,Santiago Barrera Díaz,Enfermería,6,Salud Pública,4.79
IC20240646,Santiago Roa Mendoza,Ingeniería Civil,9,Hidráulica,3.06
II20250647,Patricia Núñez Salinas,Ingeniería Industrial,7,Estadística,2.74
PS20250648,Sebastián Campos Cruz,Psicología,4,Social,3.3
LE20220649,David Peña Ríos,Licenciatura en Educación Infantil,10,Inclusión,4.7
AR20230650,Julián González Herrera,Arquitectura,5,Urbanismo,3.26
OD20230651,Mariana Flores Romero,Odontología,2,Ortodoncia,3.77
MD20230652,Ricardo Serrano Ríos,Medicina,4,Clínica,2.51
II20230653,Valentina Morales López,Ingeniería Industrial,10,Producción,3.75
II20230654,Eduardo Torres Hernández,Ingeniería Industrial,5,Logística,3.55
AR20240655,Melissa Palacios Salinas,Arquitectura,1,Diseño I,3.66
AE20230656,Ricardo Ríos Flores,Administración de Empresas,7,Contabilidad,4.67
AR20240657,Cristian Rivera Acosta,Arquitectura,9,Urbanismo,3.74
IC20250658,Vanessa Palacios Cárdenas,Ingeniería Civil,4,Topografía,2.92
AE20250659,Nicolás Pérez Martínez,Administración de Empresas,9,Finanzas,3.75
LE20220660,Marcela Palacios López,Licenciatura en Educación Infantil,9,Pedagogía,4.01
LE20220661,Ricardo Barrera Ramírez,Licenciatura en Educación Infantil,10,Lúdica,3.74
PS20250662,Santiago Guzmán Campos,Psicología,4,Educativa,3.85
LE20220663,David Cárdenas Figueroa,Licenciatura en Educación Infantil,10,Lúdica,4.68
OD20250664,Julián Rodríguez Vargas,Odontología,9,Periodoncia,4.19
CS20220665,Felipe García Pinto,Comunicación Social,1,Comunicación Digital,4.7
DR20230666,Alejandra Mendoza Vega,Derecho,2,Laboral,3.58
CP20250667,Adriana Cárdenas Cruz,Contaduría Pública,9,Finanzas,3.63
AE20250668,Monica Medina Bermúdez,Administración de Empresas,7,Finanzas,4.27
MD20240669,Stephanie Aguilar Aguilar,Medicina,5,Cirugía,2.88
IC20250670,Mauricio Ramírez Barrera,Ingeniería Civil,4,Resistencia de Materiales,4.13
PS20220671,Mateo Díaz Herrera,Psicología,6,Neuropsicología,3.4
LE20250672,Camila Torres Ríos,Licenciatura en Educación Infantil,10,Pedagogía,4.76
DR20220673,Sebastián Cruz Reyes,Derecho,2,Laboral,4.04
CS20220674,Adriana Campos Vargas,Comunicación Social,10,Producción Audiovisual,4.03
IS20240675,Iván Peña Ruiz,Ingeniería de Sistemas,4,Bases de Datos,4.25
OD20220676,Claudia Guzmán Reyes,Odontología,3,Periodoncia,3.64
II20240677,Andrea Roa García,Ingeniería Industrial,2,Ergonomía,3.21
IS20220678,Patricia Gómez Campos,Ingeniería de Sistemas,2,Sistemas Operativos,3.88
LE20240679,Carlos Ariza Aguilar,Licenciatura en Educación Infantil,10,Didáctica,4.69
LE20220680,Rafael Gómez Delgado,Licenciatura en Educación Infantil,7,Didáctica,4.04
IC20220681,Mariana Vega Herrera,Ingeniería Civil,9,Concreto,3.25
TS20240682,Hernán Cruz Núñez,Trabajo Social,10,Familia,5.0
NI20240683,Juan Salinas Ríos,Negocios Internacionales,4,Logística,3.33
CP20250684,Valentina Ríos Sánchez,Contaduría Pública,2,Auditoría,2.58
NI20250685,Monica Guzmán Reyes,Negocios Internacionales,6,Idiomas,3.82
IC20240686,Diego Morales Vargas,Ingeniería Civil,7,Estática,3.53
DR20230687,Diana Rivera Ríos,Derecho,6,Procesal,3.54
CS20230688,Monica Gómez Peña,Comunicación Social,4,Producción Audiovisual,5.0
AE20240689,Diego Díaz Reyes,Administración de Empresas,4,Finanzas,3.87
MD20220690,Camila Serrano Barrera,Medicina,10,Cirugía,3.29
OD20250691,Santiago Ríos Romero,Odontología,6,Endodoncia,4.03
PS20230692,Liliana Herrera Ortega,Psicología,4,Psicología Clínica,3.45
EN20240693,Claudia Guerrero Ríos,Enfermería,1,Salud Pública,4.21
EN20240694,Vanessa Sánchez Guzmán,Enfermería,8,Cuidado Básico,3.15
PS20220695,Alejandro Serrano Díaz,Psicología,10,Social,3.45
AE20250696,Mariana Aguilar Cruz,Administración de Empresas,5,Contabilidad,4.7
MD20230697,Luisa Romero Rivera,Medicina,7,Clínica,3.28
II20230698,Melissa Ortega Ruiz,Ingeniería Industrial,10,Logística,3.35
CS20230699,Monica Reyes Pérez,Comunicación Social,5,Comunicación Digital,3.57
MD20230700,Daniela Figueroa Torres,Medicina,1,Clínica,3.42
EN20240701,María Ramírez Pineda,Enfermería,9,Salud Pública,3.7
IC20220702,Eduardo Hernández Medina,Ingeniería Civil,3,Resistencia de Materiales,4.05
IC20240703,Diego Ríos Pineda,Ingeniería Civil,8,Hidráulica,3.13
PS20240704,Diego Castillo Martínez,Psicología,2,Evaluación,4.38
AR20230705,Felipe Salinas Salinas,Arquitectura,9,Estructuras,3.32
MD20250706,María Polo Figueroa,Medicina,2,Cirugía,3.89
II20240707,Carlos Delgado Pineda,Ingeniería Industrial,3,Ergonomía,3.09
DR20240708,Sebastián Rodríguez Flores,Derecho,4,Constitucional,3.09
CP20250709,Adriana Vargas Pinto,Contaduría Pública,10,Tributaria,4.69
EN20250710,Stephanie Figueroa Cárdenas,Enfermería,8,Farmacología,3.26
CS20240711,Mariana Martínez Ramírez,Comunicación Social,4,Periodismo,4.16
EN20220712,Mateo González Ríos,Enfermería,1,Salud Pública,4.14
IC20230713,Claudia Bermúdez Rodríguez,Ingeniería Civil,5,Estática,2.82
CS20250714,Paola Reyes Morales,Comunicación Social,5,Producción Audiovisual,3.11
IS20240715,Nicolás Campos Flores,Ingeniería de Sistemas,1,Redes,3.81
MD20230716,Fernando Ortega Aguilar,Medicina,3,Cirugía,2.82
CS20250717,Rafael Delgado Pineda,Comunicación Social,10,Comunicación Digital,3.83
AE20250718,David Ríos Núñez,Administración de Empresas,2,Marketing,3.22
II20220719,Stephanie Vega Cruz,Ingeniería Industrial,5,Investigación de Operaciones,2.74
MD20220720,Nicolás Castillo Vargas,Medicina,9,Clínica,3.38
IS20240721,Liliana Ríos Ramos,Ingeniería de Sistemas,7,Sistemas Operativos,3.65
LE20250722,Stephanie Gómez Vega,Licenciatura en Educación Infantil,9,Lúdica,4.29
CS20250723,Andrea Flores Pinto,Comunicación Social,7,Producción Audiovisual,4.09
NI20240724,Andrea Campos Bermúdez,Negocios Internacionales,10,Idiomas,4.63
NI20250725,Adriana Figueroa Núñez,Negocios Internacionales,5,Finanzas Internacionales,4.07
MD20250726,Carlos Sánchez Pineda,Medicina,10,Farmacología,3.28
AE20220727,Alejandra Acosta Peña,Administración de Empresas,6,Finanzas,4.55
CP20250728,Mariana Pérez Vargas,Contaduría Pública,3,Contabilidad General,3.89
IS20230729,Julián Rodríguez Torres,Ingeniería de Sistemas,8,Redes,2.83
CS20240730,María Romero Delgado,Comunicación Social,1,Periodismo,4.36
CP20220731,Liliana Torres Hernández,Contaduría Pública,7,Finanzas,3.49
IC20250732,Diego Jiménez García,Ingeniería Civil,4,Topografía,3.49
AE20220733,Andrea Figueroa López,Administración de Empresas,8,Contabilidad,3.79
LE20230734,Juan Serrano Ramos,Licenciatura en Educación Infantil,6,Pedagogía,3.78
IC20250735,Mauricio Aguilar Campos,Ingeniería Civil,5,Hidráulica,3.82
AE20240736,Rodrigo Díaz Sánchez,Administración de Empresas,7,Gestión Humana,5.0
IC20230737,Andrés Ortega Cárdenas,Ingeniería Civil,7,Estática,4.25
OD20240738,Alejandra Ríos Guzmán,Odontología,3,Anatomía Dental,3.34
IC20240739,Andrea Flores Peña,Ingeniería Civil,10,Estática,4.4
II20230740,Alejandra Núñez Pérez,Ingeniería Industrial,8,Estadística,4.07
DR20230741,Diana Roa Bermúdez,Derecho,8,Derecho Civil,3.59
MD20240742,Nicolás Cruz López,Medicina,8,Cirugía,3.0
OD20240743,Alejandra Peña Gómez,Odontología,3,Periodoncia,3.43
IC20230744,Rafael Aguilar Flores,Ingeniería Civil,9,Topografía,3.18
DR20220745,Carlos Cruz Núñez,Derecho,8,Procesal,3.52
NI20230746,Valentina Acosta Romero,Negocios Internacionales,10,Idiomas,4.3
EN20230747,Sandra González Barrera,Enfermería,7,Urgencias,3.46
DR20240748,Daniela Acosta Vargas,Derecho,7,Derecho Civil,2.88
IC20230749,Mateo Campos Barrera,Ingeniería Civil,1,Resistencia de Materiales,3.56
IS20250750,María Gómez Pérez,Ingeniería de Sistemas,10,Algoritmos,3.5
OD20220751,Claudia Acosta Guzmán,Odontología,5,Periodoncia,3.72
MD20250752,Alejandro Díaz Roa,Medicina,2,Anatomía,4.1
LE20240753,Stephanie Aguilar Figueroa,Licenciatura en Educación Infantil,7,Pedagogía,4.33
TS20220754,Santiago Ariza González,Trabajo Social,5,Política Social,3.57
CS20250755,Claudia Pérez Pérez,Comunicación Social,4,Producción Audiovisual,4.3
EN20250756,Eduardo Pineda Rivera,Enfermería,9,Cuidado Básico,4.67
DR20250757,Cristian Pineda Salinas,Derecho,8,Derecho Civil,3.95
AR20250758,Melissa Herrera Suárez,Arquitectura,3,Estructuras,3.88
TS20250759,Miguel Aguilar Mendoza,Trabajo Social,6,Familia,4.22
AE20240760,Andrea Salinas Núñez,Administración de Empresas,7,Marketing,3.51
IS20240761,Luis Ruiz Medina,Ingeniería de Sistemas,1,Sistemas Operativos,3.69
AE20240762,Paola García Ramos,Administración de Empresas,4,Gestión Humana,3.85
LE20230763,Cristian Guzmán Ortega,Licenciatura en Educación Infantil,9,Pedagogía,4.72
LE20230764,Nicolás Cruz Romero,Licenciatura en Educación Infantil,10,Desarrollo Infantil,4.38
OD20230765,Diego Ramos Rodríguez,Odontología,7,Anatomía Dental,3.48
CS20220766,Mariana Peña Guzmán,Comunicación Social,10,Comunicación Digital,3.3
CS20250767,Adriana Ramos López,Comunicación Social,10,Periodismo,4.49
PS20230768,Luisa Castillo Guerrero,Psicología,2,Evaluación,2.62
AR20220769,Alejandro Pineda Polo,Arquitectura,7,Estructuras,3.26
EN20230770,Eduardo Torres Mendoza,Enfermería,4,Cuidado Básico,3.65
MD20220771,Monica Ariza Medina,Medicina,10,Fisiología,2.68
IC20220772,Daniela Ramírez Suárez,Ingeniería Civil,8,Concreto,3.98
PS20250773,Melissa Cruz Rodríguez,Psicología,9,Neuropsicología,4.17
AR20230774,Felipe Peña Medina,Arquitectura,10,Materiales,3.23
AE20220775,Marcela Figueroa Campos,Administración de Empresas,4,Marketing,3.9
AR20250776,Eduardo Rodríguez Sánchez,Arquitectura,7,Estructuras,3.26
DR20220777,David Gómez Mendoza,Derecho,10,Constitucional,4.11
MD20230778,Luis Acosta Torres,Medicina,1,Fisiología,3.65
NI20220779,Monica Romero Torres,Negocios Internacionales,2,Comercio Exterior,3.77
DR20240780,Daniela Vargas García,Derecho,2,Laboral,4.31
AE20230781,Ricardo Martínez Suárez,Administración de Empresas,9,Finanzas,3.14
CS20220782,Diana Ríos Acosta,Comunicación Social,3,Opinión Pública,3.72
IS20230783,Patricia Barrera Campos,Ingeniería de Sistemas,5,Programación I,3.35
MD20220784,Marcela Ortega Hernández,Medicina,1,Clínica,4.15
TS20220785,Rodrigo Ortega Barrera,Trabajo Social,6,Intervención Social,3.7
EN20240786,Juan Reyes Jiménez,Enfermería,2,Salud Pública,4.74
II20250787,Rafael Núñez Rodríguez,Ingeniería Industrial,4,Logística,3.72
DR20250788,Andrea Campos Ramos,Derecho,8,Penal,3.73
DR20240789,Valentina Castillo Serrano,Derecho,6,Penal,5.0
CP20220790,Natalia Hernández Pineda,Contaduría Pública,7,Finanzas,3.8
DR20230791,Natalia Reyes Torres,Derecho,7,Derecho Civil,3.66
AR20250792,Monica Acosta Pineda,Arquitectura,4,Urbanismo,2.96
CP20240793,Eduardo Torres Guerrero,Contaduría Pública,10,Costos,3.6
AR20230794,Nicolás Cárdenas Núñez,Arquitectura,4,Estructuras,3.52
LE20250795,Alejandra Pinto Campos,Licenciatura en Educación Infantil,3,Desarrollo Infantil,3.59
EN20220796,Andrés Mendoza González,Enfermería,9,Farmacología,3.33
IS20250797,Miguel Torres Ariza,Ingeniería de Sistemas,6,Algoritmos,3.3
II20220798,Iván Figueroa Ortega,Ingeniería Industrial,4,Producción,4.48
OD20240799,Mariana Martínez Bermúdez,Odontología,10,Endodoncia,3.4
IS20220800,Julián Reyes Serrano,Ingeniería de Sistemas,6,Algoritmos,3.44
MD20230801,Nicolás Herrera Palacios,Medicina,6,Clínica,3.1
PS20240802,Felipe Reyes López,Psicología,1,Educativa,3.82
AE20220803,Julián Figueroa Barrera,Administración de Empresas,4,Finanzas,5.0
DR20230804,Marcela Peña Guzmán,Derecho,8,Laboral,3.07
OD20240805,Melissa Polo López,Odontología,7,Ortodoncia,2.95
AR20220806,Rafael Núñez Campos,Arquitectura,1,Historia del Arte,2.92
EN20250807,Vanessa López Morales,Enfermería,9,Cuidado Básico,3.3
CP20250808,Iván Hernández Gómez,Contaduría Pública,8,Tributaria,3.64
II20240809,Cristian Vargas Delgado,Ingeniería Industrial,7,Logística,4.48
MD20220810,Daniela Delgado Roa,Medicina,2,Fisiología,2.83
EN20250811,Cristian Cárdenas Guzmán,Enfermería,3,Salud Pública,3.62
LE20250812,Vanessa Cárdenas Pinto,Licenciatura en Educación Infantil,4,Pedagogía,4.13
AR20220813,Diego Mendoza Guzmán,Arquitectura,3,Diseño I,4.03
CS20230814,Stephanie Rodríguez Campos,Comunicación Social,7,Opinión Pública,4.53
NI20240815,Diana Jiménez López,Negocios Internacionales,3,Tratados,4.54
NI20250816,Andrés Torres Rivera,Negocios Internacionales,1,Idiomas,2.91
MD20230817,Paola Ariza Polo,Medicina,5,Anatomía,4.48
CP20250818,Alejandro Acosta Bermúdez,Contaduría Pública,1,Costos,2.77
OD20230819,María Núñez García,Odontología,8,Cirugía Oral,3.15
OD20220820,Jorge Ruiz Rodríguez,Odontología,10,Cirugía Oral,3.43
AR20230821,Diana Ortega Acosta,Arquitectura,9,Diseño I,3.89
TS20240822,David López Torres,Trabajo Social,1,Comunidad,3.97
PS20230823,Camila Hernández Pérez,Psicología,3,Social,3.23
II20240824,Rafael Salinas Aguilar,Ingeniería Industrial,8,Investigación de Operaciones,3.24
DR20250825,Camila Polo Ramos,Derecho,6,Derecho Civil,3.76
II20240826,Sebastián Vargas Ríos,Ingeniería Industrial,2,Estadística,2.48
AE20220827,Claudia Vega Campos,Administración de Empresas,4,Gestión Humana,2.44
CS20240828,Claudia Rodríguez Ríos,Comunicación Social,10,Opinión Pública,3.6
EN20240829,Rafael Mendoza Cruz,Enfermería,10,Farmacología,3.47
MD20230830,Sandra Pineda Peña,Medicina,3,Farmacología,2.86
IS20220831,Felipe García Sánchez,Ingeniería de Sistemas,8,Bases de Datos,4.31
DR20230832,Jorge López Suárez,Derecho,9,Derecho Civil,1.88
CP20220833,Iván Gómez Guzmán,Contaduría Pública,5,Tributaria,3.54
AR20240834,Cristian García Sánchez,Arquitectura,6,Historia del Arte,4.36
IS20230835,Sandra Salinas Acosta,Ingeniería de Sistemas,3,Redes,4.1
AR20250836,Ricardo Ríos López,Arquitectura,3,Urbanismo,2.51
LE20250837,Iván Delgado Núñez,Licenciatura en Educación Infantil,6,Lúdica,4.27
CS20220838,Claudia Ramos Salinas,Comunicación Social,6,Producción Audiovisual,4.02
NI20220839,Eduardo Serrano Suárez,Negocios Internacionales,6,Finanzas Internacionales,3.87
TS20250840,Juan Pineda Núñez,Trabajo Social,3,Política Social,4.02
CP20220841,Rafael Sánchez Bermúdez,Contaduría Pública,6,Tributaria,3.25
TS20230842,Andrea Romero Ruiz,Trabajo Social,5,Investigación Social,4.29
DR20230843,Paola Rivera Sánchez,Derecho,1,Derecho Civil,3.38
AE20250844,Ricardo Herrera Torres,Administración de Empresas,6,Contabilidad,3.94
II20230845,Paola Polo Mendoza,Ingeniería Industrial,2,Producción,3.44
IS20220846,Gabriel Campos Sánchez,Ingeniería de Sistemas,5,Sistemas Operativos,2.96
LE20220847,Camila Suárez Delgado,Licenciatura en Educación Infantil,1,Inclusión,3.99
CP20240848,Valentina Salinas Bermúdez,Contaduría Pública,4,Auditoría,2.81
EN20250849,Felipe Vargas Ortega,Enfermería,6,Cuidado Básico,3.75
EN20220850,Sofía García Acosta,Enfermería,9,Farmacología,4.24
DR20230851,Fernando Castillo Aguilar,Derecho,5,Constitucional,3.36
EN20220852,Paola Acosta Suárez,Enfermería,8,Farmacología,3.73
IS20250853,Valentina Ríos Serrano,Ingeniería de Sistemas,2,Programación I,3.91
AR20240854,Gabriel Palacios Cárdenas,Arquitectura,8,Estructuras,4.06
NI20220855,Luisa Gómez Pinto,Negocios Internacionales,9,Logística,3.8
MD20250856,Alejandra Delgado Pérez,Medicina,5,Clínica,3.26
TS20240857,Julián Reyes Torres,Trabajo Social,10,Comunidad,3.5
MD20220858,Rodrigo Suárez Mendoza,Medicina,8,Anatomía,4.02
MD20230859,Ricardo Sánchez Castillo,Medicina,8,Farmacología,3.56
PS20240860,Nicolás Herrera Pérez,Psicología,2,Evaluación,3.1
EN20250861,Adriana González Ramos,Enfermería,8,Urgencias,3.22
PS20240862,Diana Flores Ríos,Psicología,2,Neuropsicología,4.24
NI20240863,Alejandra Cárdenas Guerrero,Negocios Internacionales,7,Tratados,3.82
LE20250864,Rodrigo González Figueroa,Licenciatura en Educación Infantil,10,Pedagogía,3.94
DR20220865,Patricia Palacios Delgado,Derecho,9,Laboral,4.43
AR20250866,Sebastián Palacios Pérez,Arquitectura,10,Estructuras,5.0
IS20230867,María Roa Barrera,Ingeniería de Sistemas,2,Bases de Datos,4.34
II20250868,Iván García Bermúdez,Ingeniería Industrial,3,Logística,2.81
OD20230869,Carlos Jiménez Acosta,Odontología,8,Cirugía Oral,3.48
LE20240870,Eduardo Serrano Ramos,Licenciatura en Educación Infantil,7,Pedagogía,3.7
EN20230871,Patricia García Acosta,Enfermería,7,Pediatría,4.93
EN20220872,Isabella García Pinto,Enfermería,6,Pediatría,4.25
CS20250873,Valentina Morales Guerrero,Comunicación Social,10,Publicidad,4.13
AR20250874,Carolina Núñez Díaz,Arquitectura,3,Urbanismo,3.03
TS20250875,Felipe Aguilar Jiménez,Trabajo Social,6,Política Social,3.73
IC20230876,Nicolás Ramírez García,Ingeniería Civil,1,Topografía,4.38
IC20250877,Rodrigo Guerrero Ramírez,Ingeniería Civil,3,Topografía,4.05
MD20250878,Carolina Acosta Rivera,Medicina,9,Cirugía,2.99
AE20250879,Luis Jiménez Castillo,Administración de Empresas,3,Contabilidad,4.43
EN20250880,Sandra Morales Pinto,Enfermería,5,Urgencias,3.79
IS20250881,Eduardo Romero López,Ingeniería de Sistemas,10,Redes,4.24
CS20240882,Alejandra Rodríguez Torres,Comunicación Social,9,Opinión Pública,4.63
LE20220883,Claudia Rodríguez Campos,Licenciatura en Educación Infantil,10,Desarrollo Infantil,3.37
AR20240884,Rodrigo González Serrano,Arquitectura,9,Materiales,3.98
NI20250885,Isabella Suárez Núñez,Negocios Internacionales,1,Logística,3.08
DR20240886,Sandra Suárez Vega,Derecho,5,Penal,3.61
CS20240887,Santiago Guzmán Palacios,Comunicación Social,5,Periodismo,3.56
CP20220888,Eduardo Hernández Barrera,Contaduría Pública,10,Tributaria,3.44
EN20240889,María Rodríguez Ramírez,Enfermería,2,Pediatría,3.94
IC20230890,Diego García Figueroa,Ingeniería Civil,10,Concreto,3.99
MD20230891,Mauricio Torres Barrera,Medicina,6,Farmacología,3.48
DR20230892,Mariana Campos López,Derecho,2,Procesal,3.14
PS20230893,Daniela Peña Bermúdez,Psicología,7,Educativa,3.99
IS20220894,Eduardo Ariza Castillo,Ingeniería de Sistemas,5,Programación I,3.23
MD20250895,Andrés Delgado Medina,Medicina,5,Cirugía,3.45
II20250896,Juan Ríos Cruz,Ingeniería Industrial,9,Investigación de Operaciones,4.65
AR20220897,Carlos Ruiz Jiménez,Arquitectura,6,Diseño I,4.38
TS20240898,Carolina Acosta Roa,Trabajo Social,5,Comunidad,3.57
AR20250899,Natalia Pérez Cruz,Arquitectura,10,Historia del Arte,3.99
NI20240900,Sandra Serrano Cárdenas,Negocios Internacionales,4,Finanzas Internacionales,2.92
AR20220901,Miguel Aguilar García,Arquitectura,1,Diseño I,2.93
AE20240902,Monica Ruiz Castillo,Administración de Empresas,5,Finanzas,4.22
IC20230903,Santiago Martínez Acosta,Ingeniería Civil,1,Concreto,2.74
II20230904,Sofía Rodríguez Palacios,Ingeniería Industrial,7,Investigación de Operaciones,3.08
CP20220905,Alejandra Rivera Cruz,Contaduría Pública,8,Costos,4.27
NI20240906,Carolina Guzmán Barrera,Negocios Internacionales,6,Finanzas Internacionales,3.69
NI20250907,Cristian González Ortega,Negocios Internacionales,1,Logística,3.6
IC20230908,Diego Rivera Ruiz,Ingeniería Civil,8,Concreto,3.75
MD20230909,Melissa Rivera Roa,Medicina,2,Cirugía,3.29
CS20220910,Adriana Pérez Ruiz,Comunicación Social,5,Periodismo,3.68
CS20250911,Sebastián González Salinas,Comunicación Social,5,Periodismo,4.31
AR20240912,Iván García López,Arquitectura,7,Urbanismo,3.55
OD20250913,Alejandra Suárez Medina,Odontología,1,Ortodoncia,2.42
AE20250914,Cristian González Núñez,Administración de Empresas,1,Estrategia,4.11
LE20240915,Sofía Salinas Núñez,Licenciatura en Educación Infantil,6,Didáctica,3.47
EN20220916,Adriana Rodríguez Romero,Enfermería,6,Salud Pública,4.25
AR20230917,Liliana Polo Vargas,Arquitectura,4,Materiales,4.15
PS20240918,Felipe Ramos Guzmán,Psicología,2,Educativa,3.97
CS20230919,Camila Pineda Ruiz,Comunicación Social,4,Periodismo,4.33
PS20240920,Patricia Morales Peña,Psicología,2,Educativa,4.66
IS20220921,Fernando Ruiz Martínez,Ingeniería de Sistemas,6,Redes,3.64
AR20250922,Sofía Díaz Roa,Arquitectura,9,Materiales,3.66
AE20220923,Daniela Figueroa Cárdenas,Administración de Empresas,2,Finanzas,3.63
CS20220924,Marcela López Morales,Comunicación Social,3,Producción Audiovisual,3.99
TS20250925,Iván Hernández Ramos,Trabajo Social,2,Investigación Social,4.19
OD20230926,Mateo Sánchez Peña,Odontología,10,Anatomía Dental,4.41
NI20240927,Felipe Guerrero Suárez,Negocios Internacionales,7,Comercio Exterior,4.65
NI20230928,Nicolás Mendoza Díaz,Negocios Internacionales,1,Idiomas,3.59
II20230929,Sebastián Sánchez Ortega,Ingeniería Industrial,7,Estadística,3.18
IC20250930,Patricia López Ramírez,Ingeniería Civil,10,Resistencia de Materiales,3.47
IS20230931,Valentina Peña Rodríguez,Ingeniería de Sistemas,1,Programación I,3.2
NI20230932,Carlos Vega Guzmán,Negocios Internacionales,8,Finanzas Internacionales,3.27
EN20250933,Daniela Pineda Ortega,Enfermería,8,Farmacología,4.58
CS20220934,Santiago Palacios Rivera,Comunicación Social,8,Publicidad,3.89
EN20230935,David Vega García,Enfermería,4,Cuidado Básico,5.0
EN20230936,Marcela Romero Bermúdez,Enfermería,9,Salud Pública,3.79
AE20220937,Cristian Pineda Barrera,Administración de Empresas,5,Finanzas,4.1
II20220938,Ricardo Peña Rivera,Ingeniería Industrial,1,Estadística,3.7
CP20250939,Carlos Díaz Guerrero,Contaduría Pública,6,Contabilidad General,3.94
NI20250940,Fernando Rivera Flores,Negocios Internacionales,1,Tratados,3.81
CS20240941,Sofía González Morales,Comunicación Social,8,Opinión Pública,4.44
IC20230942,Miguel Reyes Polo,Ingeniería Civil,6,Estática,4.28
TS20250943,Andrea Figueroa Vega,Trabajo Social,4,Política Social,4.57
AE20250944,Isabella Guerrero Torres,Administración de Empresas,10,Finanzas,4.39
MD20240945,Juan Romero Ramírez,Medicina,4,Farmacología,3.4
CP20220946,Alejandra Salinas Hernández,Contaduría Pública,3,Costos,3.95
NI20230947,Vanessa Vega Flores,Negocios Internacionales,6,Idiomas,3.13
OD20230948,Iván Acosta Flores,Odontología,9,Anatomía Dental,3.13
TS20250949,Jorge Campos Peña,Trabajo Social,4,Familia,3.76
DR20230950,Mauricio Morales Morales,Derecho,7,Procesal,4.62
PS20220951,Daniela Salinas García,Psicología,1,Educativa,3.73
MD20250952,Carolina Campos Medina,Medicina,2,Clínica,2.59
NI20250953,Andrea Rodríguez Aguilar,Negocios Internacionales,1,Finanzas Internacionales,4.01
MD20230954,Adriana Rodríguez Martínez,Medicina,5,Clínica,3.7
IS20250955,Eduardo Figueroa Cárdenas,Ingeniería de Sistemas,8,Bases de Datos,4.07
CS20220956,Stephanie Pineda Delgado,Comunicación Social,1,Opinión Pública,3.5
IS20250957,Alejandra Suárez Campos,Ingeniería de Sistemas,5,Redes,3.32
IC20240958,Eduardo Díaz Serrano,Ingeniería Civil,10,Estática,2.94
LE20220959,Hernán Serrano Romero,Licenciatura en Educación Infantil,1,Lúdica,3.39
AR20220960,Stephanie Romero Rivera,Arquitectura,9,Materiales,4.39
II20230961,Gabriel Polo Díaz,Ingeniería Industrial,6,Logística,4.17
AE20240962,Liliana Cárdenas Guzmán,Administración de Empresas,4,Marketing,4.23
PS20220963,Natalia Herrera Serrano,Psicología,5,Psicología Clínica,3.54
MD20240964,Hernán Campos Sánchez,Medicina,9,Clínica,3.95
CS20230965,Marcela Romero Serrano,Comunicación Social,2,Opinión Pública,4.41
IC20240966,Mariana Vargas González,Ingeniería Civil,3,Estática,3.67
II20220967,Alejandra Torres Peña,Ingeniería Industrial,4,Estadística,2.9
PS20220968,Nicolás Ríos Castillo,Psicología,8,Social,4.5
TS20240969,Felipe González Martínez,Trabajo Social,4,Familia,3.21
AR20250970,Miguel Peña Cárdenas,Arquitectura,9,Historia del Arte,3.44
LE20230971,Paola Salinas Ramírez,Licenciatura en Educación Infantil,5,Didáctica,4.14
II20240972,Carlos Polo Hernández,Ingeniería Industrial,6,Ergonomía,4.22
CS20240973,Andrés Acosta Flores,Comunicación Social,9,Producción Audiovisual,5.0
II20220974,Alejandra Barrera Torres,Ingeniería Industrial,4,Investigación de Operaciones,3.44
MD20240975,Miguel Salinas Ramírez,Medicina,5,Fisiología,3.6
II20250976,Rodrigo Mendoza Castillo,Ingeniería Industrial,6,Logística,4.53
IC20250977,Andrés Núñez Ramos,Ingeniería Civil,1,Topografía,3.46
CS20240978,Miguel Torres García,Comunicación Social,9,Publicidad,2.89
OD20250979,Ricardo Vargas Bermúdez,Odontología,3,Periodoncia,3.15
EN20240980,Santiago Ramírez Serrano,Enfermería,2,Cuidado Básico,2.81
MD20220981,Melissa Acosta Reyes,Medicina,6,Farmacología,4.14
NI20230982,Patricia Campos Reyes,Negocios Internacionales,5,Comercio Exterior,4.13
AR20250983,Camila Núñez Ruiz,Arquitectura,2,Urbanismo,2.79
DR20230984,Hernán Hernández Barrera,Derecho,7,Laboral,3.78
IS20240985,Stephanie Jiménez Romero,Ingeniería de Sistemas,5,Redes,3.35
CS20250986,Diana Rodríguez Díaz,Comunicación Social,8,Opinión Pública,4.74
LE20250987,Carlos Flores Ariza,Licenciatura en Educación Infantil,7,Desarrollo Infantil,4.52
MD20240988,Daniela Díaz Ramos,Medicina,9,Anatomía,2.88
IC20250989,Patricia Bermúdez Jiménez,Ingeniería Civil,1,Hidráulica,2.7
LE20230990,Gabriel Salinas Bermúdez,Licenciatura en Educación Infantil,3,Desarrollo Infantil,4.34
MD20240991,Juan Vargas Aguilar,Medicina,1,Cirugía,2.97
NI20230992,Vanessa Reyes Martínez,Negocios Internacionales,1,Idiomas,4.36
MD20240993,Paola Pineda Pineda,Medicina,2,Clínica,3.75
IC20250994,Adriana Morales Martínez,Ingeniería Civil,5,Estática,4.54
OD20250995,Rafael Figueroa Romero,Odontología,8,Periodoncia,3.25
EN20220996,Alejandra Sánchez Romero,Enfermería,10,Pediatría,3.51
II20250997,Andrés Cárdenas Hernández,Ingeniería Industrial,6,Producción,3.59
LE20220998,Stephanie Vega Pineda,Licenciatura en Educación Infantil,6,Didáctica,4.24
LE20230999,Carlos Campos Pineda,Licenciatura en Educación Infantil,2,Desarrollo Infantil,4.01
TS20241000,Andrés Núñez Mendoza,Trabajo Social,6,Comunidad,3.26
